<?xml version="1.0" encoding="UTF-8"?>
<Configuration status="WARN">

    <Properties>
        <Property name="basePath">./Logs</Property>
    </Properties>

    <Appenders>

        <Console name="Console" target="SYSTEM_OUT">
            <PatternLayout pattern="%d{HH:mm:ss.SSS} [%t] %-5level %logger{36} - %msg%n"/>
        </Console>

        <RollingFile name="File" fileName="${basePath}/Log4j-${date:MM-dd-yyyy}.log"
                     filePattern="${basePath}/Log4j-%d{yyyy-MM-dd}-%i.log">
            <PatternLayout pattern="%d{HH:mm:ss.SSS} [%t] %-5level %logger{36} - %msg%n"/>
            <SizeBasedTriggeringPolicy size="5MB"/>
        </RollingFile>

    </Appenders>


    <Loggers>
        <Root level="info">
            <AppenderRef ref="File"/>
        </Root>
    </Loggers>
</Configuration>